{
    "Sessions": {
        "Graph": {
            "2019_05": 27,
            "2019_06": 28,
            "2019_07": 13,
            "2019_08": 10,
            "2019_09": 8,
            "2019_10": 5,
            "2019_11": 11,
            "2019_12": 3
        },
        "Kpi": {
            "Name": "Rowing Sessions",
            "Value": 105
        }
    },
    "Meters": {
        "Graph": {
            "2019_05": 60274.0,
            "2019_06": 121072.0,
            "2019_07": 73146.0,
            "2019_08": 40803.0,
            "2019_09": 35300.0,
            "2019_10": 26500.0,
            "2019_11": 83209.0,
            "2019_12": 13200.0
        },
        "Kpi": {
            "Name": "Meters Rowed",
            "Value": 453504
        }
    },
    "Power": {
        "Graph": {
            "2019_05": 166.33333333333334,
            "2019_06": 165.82142857142858,
            "2019_07": 144.30769230769232,
            "2019_08": 144.8,
            "2019_09": 158.625,
            "2019_10": 108.0,
            "2019_11": 137.54545454545453,
            "2019_12": 154.0
        },
        "Kpi": {
            "Name": "Average Power",
            "Value": 154.7
        }
    },
    "Calories": {
        "Graph": {
            "2019_05": 3611.0,
            "2019_06": 7362.0,
            "2019_07": 4404.0,
            "2019_08": 2515.0,
            "2019_09": 2230.0,
            "2019_10": 1601.0,
            "2019_11": 4975.0,
            "2019_12": 823.0
        },
        "Kpi": {
            "Name": "Calories Spent",
            "Value": 27521
        }
    }
}